origin,destination,ticket_id
TLC,MTY,9351615
MTY,TLC,4136674
MEX,MTY,8419433
MTY,MEX,8417072
MEX,MTY,9244314
MEX,MTY,7288461
MEX,MTY,898628
MEX,MTY,3905769
MEX,MTY,640513
MEX,MTY,1358757
MTY,MEX,6421935
MEX,MTY,2155768
MEX,MTY,1382229
MEX,MTY,817044
MEX,MTY,4261963
MEX,MTY,6556704
MTY,MEX,9281627
MEX,MTY,9914707
MEX,MTY,3586441
MEX,MTY,2792231
MEX,MTY,3269859
MTY,MEX,8927286
MTY,MEX,8341116
MEX,MTY,9736978
MEX,MTY,7248892
MTY,MEX,7468654
MTY,MEX,6115500
MTY,MEX,5928162
MTY,MEX,9742057
MTY,MEX,3638321
MTY,MEX,6732222
MEX,MTY,7562388
MEX,MTY,1302618
MTY,MEX,2532044
MTY,MEX,6813903
MTY,MEX,2227177
MTY,MEX,454997
MTY,MEX,6967960
MTY,MEX,5489254
MTY,MEX,8734938
MTY,MEX,8930568
MTY,MEX,6820340
MEX,MTY,1606906
MEX,MTY,6586335
MEX,MTY,9413315
MTY,MEX,8140461
MTY,MEX,520481
MTY,MEX,1818382
MTY,MEX,9617659
MTY,MEX,8192483
MEX,MTY,4137893
MEX,MTY,8201130
MEX,TAM,1630645
MEX,TAM,2676026
MEX,TAM,2366857
MEX,TAM,6746026
MEX,TAM,5162466
MEX,TAM,9200806
MEX,TAM,2055454
MEX,TAM,4704903
MEX,TAM,817346
MEX,TAM,6246642
MEX,TAM,6870127
MEX,TAM,4612984
MEX,TAM,5469188
MEX,TAM,3016114
MEX,TAM,5308523
MEX,TAM,8670674
MEX,TAM,633140
MEX,TAM,8334193
MEX,TAM,2021367
MEX,TAM,9672545
MEX,TAM,8927229
MEX,TAM,5504735
MEX,TAM,1646244
MEX,TAM,687242
MEX,TAM,8018874
MEX,TAM,1771609
MEX,TAM,2079090
MEX,TAM,1280742
MEX,TAM,532224
MEX,TAM,6544639
MEX,TAM,256749
MEX,TAM,5174121
MEX,TAM,2389990
MEX,TAM,7833788
MEX,TAM,5077497
MEX,TAM,9282786
MEX,TAM,3903514
MEX,TAM,6184653
MEX,TAM,1360655
MEX,TAM,185357
MEX,TAM,5730683
MEX,TAM,6081746
MEX,TAM,5814175
MEX,TAM,8673705
MEX,TAM,7887628
MEX,TAM,4130318
MEX,TAM,3106680
MEX,TAM,2741152
MEX,TAM,8254684
MEX,TAM,7988248
MEX,TAM,9763721
MEX,TAM,5952112
MEX,TAM,1475181
MEX,TAM,416240
MEX,TAM,5599107
TAM,MEX,352253
TAM,MEX,6346173
TAM,MEX,6719493
TAM,MEX,7437098
TAM,MEX,4302091
MEX,TAM,3490822
TAM,MEX,5560086
TAM,MEX,6628359
TAM,MEX,6267600
MEX,TAM,482129
MEX,TAM,1650925
MEX,TAM,8235453
MEX,TAM,8353689
MEX,TAM,5191435
MEX,TAM,6881860
MEX,TAM,1217305
MEX,TAM,1895502
MEX,TAM,7063844
MEX,TAM,1794341
MEX,TAM,1184924
MEX,TAM,9173095
MEX,TAM,9834457
MEX,TAM,2114910
MEX,TAM,5887368
MEX,TAM,1391577
MEX,TAM,1465117
MEX,TAM,4927811
MEX,TAM,7537290
MEX,TAM,2475224
TAM,MEX,5679184
TAM,MEX,3787293
TAM,MEX,1870731
TAM,MEX,7998774
TAM,MEX,3851510
TAM,MEX,1431084
TAM,MEX,8992658
TAM,MEX,347196
TAM,MEX,4724065
TAM,MEX,4135027
MEX,GDL,3045947
GDL,MEX,7483020
GDL,MEX,9230373
GDL,MEX,1610865
MEX,GDL,9146463
MEX,GDL,5531540
MEX,GDL,2187100
MEX,GDL,423628
GDL,MEX,5461185
MEX,GDL,4203644
MEX,GDL,5029474
MEX,GDL,3019094
MEX,GDL,8604301
MEX,GDL,3982402
MEX,GDL,4157165
GDL,MEX,3417550
GDL,MEX,2635112
GDL,MEX,2302103
GDL,MEX,1636876
GDL,MEX,3586100
GDL,MEX,2432599
GDL,MEX,7929094
GDL,MEX,6858204
GDL,MEX,8115880
GDL,MEX,3968112
GDL,MEX,5217256
GDL,MEX,456167
GDL,MEX,1864099
GDL,MEX,1733525
GDL,MEX,1672201
GDL,MEX,5036733
GDL,MEX,3094490
GDL,MEX,7739175
GDL,MEX,9418552
GDL,MEX,1189513
GDL,MEX,6370464
GDL,MEX,8279652
GDL,MEX,2810701
GDL,MEX,7911815
GDL,MEX,1351801
GDL,MEX,5243641
GDL,MEX,8146557
GDL,MEX,2627718
GDL,MEX,5597332
GDL,MEX,3801103
GDL,MEX,1520803
GDL,MEX,4711458
GDL,MEX,2414692
GDL,MEX,4996934
GDL,MEX,54301
GDL,MEX,7688578
GDL,MEX,2197686
MEX,GDL,7652253
MEX,GDL,5115710
MEX,GDL,7526170
MEX,GDL,9029445
MEX,GDL,3455385
MEX,GDL,81462
MEX,GDL,4051001
MEX,GDL,9007910
MEX,GDL,4370024
MEX,GDL,6212533
MEX,GDL,9843900
MEX,GDL,2306647
MEX,GDL,7747336
MEX,GDL,9278296
MEX,GDL,8863970
MEX,GDL,7482890
MEX,GDL,3315828
MEX,GDL,1229819
MEX,GDL,8367219
MEX,GDL,2115241
MEX,GDL,4197068
MEX,GDL,4198704
MEX,GDL,5280724
MEX,GDL,996112
MEX,GDL,5939986
MEX,GDL,995475
MEX,GDL,6368472
MEX,GDL,5645843
MEX,GDL,6903721
MEX,GDL,1652156
MEX,GDL,9199785
MEX,GDL,6004313
MEX,GDL,3592729
MEX,GDL,9458550
MEX,GDL,7861290
MEX,GDL,5640777
MEX,GDL,1633687
MEX,GDL,3744104
MEX,GDL,5210069
MEX,GDL,859737
MEX,GDL,1006354
MEX,GDL,8736987
MEX,GDL,7684689
MEX,GDL,8345934
MEX,GDL,511896
MEX,GDL,704689
MEX,GDL,3092488
MEX,GDL,9372244
MEX,GDL,9065186
MEX,GDL,7577196
MEX,GDL,6736935
MEX,GDL,8389211
MEX,GDL,4292801
MEX,GDL,8611349
MEX,GDL,2369710
MEX,GDL,8082791
MEX,GDL,1471788
MEX,GDL,9499150
MEX,GDL,8370183
GDL,MEX,2064057
GDL,MEX,7627265
MEX,GDL,8443889
MEX,GDL,6657168
MEX,GDL,2876534
MEX,GDL,9768382
MEX,GDL,348187
MEX,GDL,1285956
MEX,GDL,8999867
MEX,GDL,3678115
GDL,MEX,3040150
GDL,MEX,5185633
MEX,GDL,3230303
MEX,GDL,3533751
MEX,GDL,8239439
MEX,GDL,3324478
MEX,CJS,1224298
MEX,CJS,483511
CJS,MEX,5011922
CJS,MEX,7470447
MTY,GDL,8879675
CUN,MEX,5338280
CUN,MEX,4069696
CUN,MEX,3156183
CUN,MEX,3495768
CUN,MEX,4215308
CUN,MEX,7344951
CUN,MEX,2708332
MEX,CUN,8223766
MEX,CUN,1708711
MEX,CUN,7059420
MEX,CUN,43966
MEX,CUN,533394
MEX,CUN,621472
MEX,CUN,6080300
MEX,CUN,2370948
MEX,CUN,2328136
MEX,CUN,3978214
MEX,CUN,785935
CUN,MEX,9961305
CUN,MEX,1400668
MEX,CUN,5336358
MEX,CUN,9830125
MEX,CUN,5154022
MEX,CUN,5959802
MEX,CUN,8509134
MEX,CUN,3507591
MEX,CUN,1957447
CUN,MEX,2677682
CUN,MEX,2495702
CUN,MEX,1855162
CUN,MEX,9976656
MEX,CUN,3521164
MEX,CUN,6411933
MEX,CUN,9605691
MEX,CUN,7064008
MEX,CUN,8200027
MEX,CUN,5243348
MEX,CUN,3882260
MEX,CUN,5969462
MEX,CUN,4080070
CUN,MEX,6484934
CUN,MEX,3657781
CUN,MEX,4542269
CUN,MEX,8162879
CUN,MEX,5822024
CUN,MEX,1228321
MEX,CUN,4658845
MEX,CUN,7829245
MEX,CUN,3306615
MEX,CUN,4539053
MEX,CUN,547796
MEX,CUN,521645
MEX,CUN,7840644
MEX,CUN,8037607
MEX,CUN,3442487
MEX,CUN,6257273
MEX,CUN,8690165
MEX,CUN,2065001
MEX,CUN,1917346
MEX,CUN,3609662
MEX,CUN,5139824
CUN,MEX,9819360
MEX,CUN,6658060
MEX,CUN,4198055
MEX,CUN,1366465
MEX,CUN,5677125
MEX,CUN,8528361
MEX,CUN,3093402
MEX,CUN,7820318
MEX,CUN,9676057
CUN,MEX,7572672
CUN,MEX,5624049
CUN,MEX,9136141
MEX,CUN,7553071
MEX,CUN,6238092
MEX,CUN,8127375
MEX,CUN,738760
MEX,CUN,1118617
MEX,CUN,803444
MEX,CUN,3664788
TIJ,MEX,8252817
MEX,TIJ,8635519
TIJ,MEX,681255
MEX,TIJ,3123112
MEX,HMO,1317081
HMO,MEX,2208975
MEX,CME,234986
MEX,CME,2166880
CME,MEX,4596927
CME,MEX,8311034
MEX,MID,6439840
MEX,MID,4585163
MID,MEX,4112216
MEX,MID,7435777
MID,MEX,5815865
MEX,CTM,282350
MEX,CTM,7765070
CTM,MEX,7018020
CTM,MEX,5291936
CTM,MEX,2453926
CTM,MEX,7497690
CTM,MEX,5021532
CTM,MEX,5128621
MEX,CTM,2678518
MEX,CTM,6883571
MEX,CTM,4687181
MEX,CTM,6591330
CTM,MEX,2636005
CTM,MEX,1263613
VER,MEX,1937538
VER,MEX,4981575
MEX,VER,6854755
MEX,VER,304836
MEX,VER,3064600
MEX,VER,2293458
MEX,VER,741484
MEX,VER,9545633
MEX,VER,9773522
VER,MEX,6957019
VER,MEX,8336189
VER,MEX,5222670
VER,MEX,8627845
VER,MEX,8371207
VER,MEX,3482268
VER,MEX,69002
VER,MEX,1279482
VER,MEX,4921383
VER,MEX,1641187
VER,MEX,2993128
VER,MEX,8826354
VER,MEX,2712081
VER,MEX,5408018
MEX,OAX,804636
OAX,MEX,6566890
MEX,HUX,5257091
MEX,HUX,4194323
HUX,MEX,3991045
HUX,MEX,7078055
MEX,ZIH,6266666
MEX,ZIH,5359351
MEX,ZIH,7767365
MEX,ZIH,2915571
MEX,ZIH,3185562
PVR,MEX,7186510
PVR,MEX,7347098
PVR,MEX,6027566
PVR,MEX,2268073
PVR,MEX,3830493
PVR,MEX,3598431
PVR,MEX,4746361
MEX,PVR,1885823
MEX,PVR,4684705
PVR,MEX,2011956
MEX,PVR,9853944
MEX,PVR,9090061
MEX,LIM,5832553
MEX,LIM,8913666
MEX,LIM,4348587
MEX,LIM,1125029
MEX,LIM,2761361
MEX,LIM,1229838
MEX,LIM,5160067
MEX,LIM,9808036
MEX,LIM,5370663
MEX,LIM,1946097
MEX,LIM,5868024
MEX,LIM,7910474
MEX,LIM,5969936
MEX,LIM,7659257
MEX,LIM,1350869
MEX,LIM,9829622
MEX,LIM,4745395
MEX,LIM,5972345
MEX,LIM,3458310
MEX,LIM,1186519
MEX,LIM,4159733
MEX,LIM,7670891
MEX,LIM,3756414
MEX,LIM,4252660
MEX,LIM,165920
MEX,LIM,8836339
MEX,LIM,8900159
MEX,LIM,709219
MEX,LIM,4024307
MEX,LIM,2621520
MEX,LIM,7018608
MEX,LIM,3031212
MEX,LIM,60926
MEX,LIM,3792959
MEX,LIM,6427551
MEX,LIM,7942888
MEX,LIM,5547654
MEX,LIM,5896986
MEX,LIM,2466903
MEX,LIM,419672
MEX,LIM,8181244
MEX,LIM,3455733
MEX,LIM,9425329
MEX,LIM,9734217
MEX,LIM,1000977
MEX,LIM,2196236
MEX,LIM,9927
MEX,LIM,1135577
MEX,LIM,7171825
MEX,LIM,1804754
MEX,LIM,5253224
MEX,LIM,5437969
MEX,LIM,3889527
MEX,LIM,2680133
MEX,LIM,6004248
MEX,LIM,4738704
MEX,LIM,1868546
MEX,LIM,6445207
MEX,LIM,7979444
MEX,LIM,955063
MEX,LIM,6956852
MEX,LIM,5429952
MEX,LIM,7790729
MEX,LIM,4881586
MEX,LIM,7821995
MEX,LIM,7202065
MEX,LIM,2117712
MEX,LIM,4961997
MEX,LIM,5949198
MEX,LIM,3908076
MEX,LIM,5133568
MEX,LIM,2431599
MEX,LIM,2373077
MEX,LIM,6883307
MEX,LIM,8887379
MEX,LIM,377071
MEX,LIM,2516263
MEX,LIM,1119320
MEX,LIM,4543171
MEX,LIM,4691736
MEX,LIM,4256908
MEX,LIM,7716603
MEX,LIM,3889196
MEX,LIM,9391664
MEX,LIM,9662863
MEX,LIM,5686993
MEX,LIM,9290768
MEX,LIM,4055024
MEX,LIM,1191302
MEX,LIM,5617630
MEX,LIM,2154833
MEX,LIM,4942943
MEX,LIM,1785828
MEX,LIM,5043353
MEX,LIM,5653249
MEX,LIM,7169461
MEX,LIM,1140149
MEX,LIM,299510
MEX,LIM,9718301
MEX,LIM,1742008
MEX,LIM,5001878
MEX,LIM,1972661
MEX,LIM,9649900
MEX,LIM,281330
MEX,LIM,6169425
MEX,LIM,1910902
MEX,LIM,6110525
MEX,LIM,5860103
MEX,LIM,7749857
MEX,LIM,3944349
MEX,LIM,9307175
MEX,LIM,591464
MEX,LIM,1917103
MEX,LIM,8922378
MEX,LIM,9109245
MEX,LIM,3388931
MEX,LIM,896849
MEX,LIM,5675286
MEX,LIM,5715787
MEX,LIM,9435753
MEX,LIM,6990009
MEX,LIM,3803193
MEX,LIM,563328
MEX,LIM,8528503
MEX,LIM,610058
MEX,LIM,1403414
MEX,LIM,7685605
MEX,LIM,5200326
MEX,LIM,939448
MEX,LIM,4642913
MEX,LIM,5959183
MEX,LIM,28420
MEX,LIM,4538354
MEX,LIM,5031472
MEX,LIM,593849
MEX,LIM,7452321
MEX,LIM,2660521
MEX,LIM,8059653
MEX,LIM,512978
MEX,LIM,6772935
MEX,LIM,7958917
MEX,LIM,6842933
MEX,LIM,9789789
MEX,HAV,2528045
MEX,BOG,9357079
MEX,BOG,2296237
MEX,BOG,8856392
MEX,BOG,9608401
MEX,BOG,5806358
MEX,BOG,1655307
MEX,BOG,6361733
MEX,BOG,8426828
MEX,BOG,5502233
MEX,BOG,913996
MEX,BOG,5756246
MEX,BOG,6345731
MEX,BOG,2220755
MEX,BOG,4126364
MEX,BOG,6497892
MEX,BOG,6799524
MEX,BOG,6806068
MEX,BOG,8842627
MEX,BOG,8733682
MEX,BOG,6067898
MEX,BOG,7130178
MEX,BOG,2352087
MEX,BOG,4178611
MEX,BOG,5437194
MEX,BOG,613688
MEX,BOG,1208095
MEX,BOG,1041677
MEX,BOG,8660447
MEX,BOG,6503223
MEX,BOG,3858735
MEX,BOG,3960978
MEX,BOG,2245049
MEX,BOG,3323955
MEX,BOG,9386124
MEX,BOG,1979372
MEX,BOG,9645339
MEX,BOG,8373381
MEX,BOG,4410914
MEX,BOG,9705147
MEX,BOG,6502907
MEX,BOG,5642814
MEX,BOG,4797667
MEX,BOG,1302891
MEX,BOG,4530328
MEX,BOG,9647476
MEX,BOG,5554488
MEX,BOG,8646193
MEX,BOG,1639758
MEX,BOG,2014642
MEX,BOG,7184630
MEX,BOG,3424977
MEX,BOG,1970189
MEX,BOG,3235820
MEX,MIA,8281596
MEX,MIA,6587283
MEX,MIA,9092281
MEX,LAX,2618970
MEX,LAX,8257164
MEX,JFK,7038334
MEX,TAM,3052355
MEX,TAM,8783393
MEX,TAM,899697
MEX,TAM,679308
MEX,TAM,1325157
MEX,TAM,5156198
MEX,TAM,2327220
MEX,TAM,6444607
MEX,TAM,648176
MEX,TAM,5102555
MEX,TAM,8833553
MEX,TAM,3794649
MEX,TAM,9092505
MEX,TAM,4498891
MEX,TAM,2008753
MEX,TAM,614232
MEX,TAM,4846373
MEX,TAM,5799964
MEX,TAM,3270875
TAM,MEX,2136914
TAM,MEX,5816032
TAM,MEX,5726573
TAM,MEX,9057294
TAM,MEX,7015775
TAM,MEX,5449614
TAM,MEX,6897554
TAM,MEX,118023
TAM,MEX,7080894
TAM,MEX,1519825
TAM,MEX,6007499
MEX,TRC,6047214
MEX,PXM,3672909
MEX,PXM,4860721
PXM,MEX,4882805
PXM,MEX,3159655
MEX,CUN,7178943
CUN,MEX,6168402
CUN,MEX,2591038
CUN,MEX,8806884
CUN,MEX,460899
CUN,MEX,8817561
CUN,MEX,3580331
CUN,MEX,2617023
CUN,MEX,4606171
CUN,MEX,2271210
CUN,MEX,6164623
CUN,MEX,4829438
CUN,MEX,4161390
ACA,MEX,9030664
MEX,ACA,7128885
ZIH,MEX,3176282
ZIH,MEX,3191954
ZIH,MEX,5067647
ZIH,MEX,1753623
ZIH,MEX,281348
MEX,PVR,7729695
MEX,PVR,4350492
MEX,PVR,9677397
MEX,PVR,8788894
MEX,PVR,1371271
MEX,PVR,9332055
MEX,MZT,3991908
MEX,GUA,7306866
TLC,MTY,3343897
MTY,TLC,5420526
AGU,MTY,1609748
AGU,MTY,1307297
CUN,MEX,5536230
MEX,LIM,9915971
MEX,LIM,6691311
MEX,LIM,6815690
MEX,LIM,350389
CUN,BOG,765193
CUN,BOG,9880738
CUN,BOG,2122933
CUN,MID,1060501
MID,VER,6641058
MID,VER,829131
MID,VSA,8752880
VSA,MID,5860930
VSA,MID,99917
VSA,MID,3831586
VER,MID,2209395
VER,MID,3702203
CUN,BZE,6819599
CUN,BZE,9810075
MEX,MIA,8663814
MEX,MIA,5100284
MEX,MIA,4855725
MEX,MIA,4620070
MEX,MIA,7492029
MEX,MIA,882587
MEX,MIA,9092928
MEX,MIA,334439
MEX,MIA,4998319
MEX,MIA,1739958
MEX,MIA,7046911
MEX,MIA,6036396
MEX,MIA,2100783
MEX,MIA,5133658
MEX,MIA,3682442
MEX,MIA,7618682
MEX,MIA,3730927
MEX,MIA,9239883
MEX,MIA,7455629
MEX,MIA,8685528
MEX,MIA,7996529
MEX,MIA,1561629
MEX,MIA,5260430
MEX,MIA,4201857
MEX,MIA,9450170
MEX,MIA,868374
MEX,MIA,6406034
MEX,MIA,570776
MEX,MIA,4229667
MEX,MIA,1110087
GDL,DFW,7751882
GDL,DFW,4434917
GDL,DFW,8908129
GDL,DFW,4458630
GDL,DFW,7970591
GDL,DFW,3550442
GDL,DFW,2335506
GDL,DFW,4845726
GDL,DFW,5912231
GDL,DFW,3092237
GDL,DFW,3652265
GDL,DFW,8943695
GDL,DFW,4258511
GDL,DFW,8572411
GDL,DFW,1929625
GDL,DFW,8665904
GDL,DFW,1271840
GDL,DFW,7037783
GDL,DFW,8982556
GDL,DFW,542732
GDL,DFW,2757832
GDL,DFW,6015816
GDL,DFW,3009719
GDL,DFW,9154924
GDL,DFW,1057223
GDL,DFW,3070955
GDL,DFW,3074973
GDL,DFW,5021030
GDL,DFW,9704985
GDL,DFW,9571220
GDL,DFW,7966685
MEX,DFW,1801237
MEX,DFW,8007323
MEX,DFW,9771569
MEX,DFW,7564645
MEX,DFW,4793086
MEX,DFW,1633681
MEX,DFW,2332708
MEX,DFW,182119
MEX,DFW,8168960
MEX,DFW,1259849
MEX,DFW,3261873
MEX,DFW,135160
MEX,DFW,7354057
MEX,DFW,7459528
MEX,DFW,1500156
MEX,DFW,8792988
MEX,DFW,9794618
MEX,DFW,1672611
MEX,DFW,7275310
MEX,DFW,9289715
MEX,DFW,6937699
MEX,DFW,936610
MEX,DFW,6682091
CUN,DFW,6192652
CUN,DFW,9223342
CUN,DFW,6544955
CUN,DFW,1775584
CUN,DFW,264568
CUN,DFW,281408
CUN,DFW,2871600
CUN,DFW,7987923
CUN,DFW,5447025
CUN,DFW,2650868
CUN,DFW,6794307
CUN,DFW,6427934
CUN,DFW,7248325
CUN,DFW,4911524
CUN,MIA,5438055
CUN,MIA,850719
CUN,MIA,6837295
CUN,MIA,7324966
CUN,MIA,4683571
CUN,MIA,1376484
CUN,MIA,2826347
CUN,MIA,9114894
CUN,MIA,9417355
CUN,MIA,3478003
CUN,MIA,7209770
CUN,MIA,4442207
CUN,MIA,8860364
CUN,MIA,1235296
CUN,MIA,8769037
CUN,MIA,6773893
CUN,MIA,419790
CUN,MIA,4468932
CUN,MIA,509924
CUN,MIA,8438334
CUN,MIA,9909324
CUN,MIA,3475989
CUN,MIA,5546297
CUN,MIA,2651367
CUN,MIA,4675705
CUN,MIA,3398373
CUN,MIA,5625101
CUN,MIA,9270839
CUN,MIA,9158252
CUN,MIA,5637311
PVR,DFW,2102296
PVR,DFW,2335344
CZM,DFW,9995137
CZM,DFW,1631804
CZM,DFW,8339855
CUN,MIA,6711844
CUN,MIA,4557084
CUN,MIA,2096432
CUN,MIA,7951914
CUN,MIA,7782081
CUN,MIA,980769
CUN,MIA,3272784
CUN,MIA,4674234
CUN,MIA,872117
CUN,MIA,6058714
CUN,MIA,5424313
CUN,MIA,8029363
CUN,MIA,1612264
CUN,MIA,6648049
CUN,MIA,3359359
CUN,MIA,193987
CUN,MIA,3394698
CUN,MIA,2166272
CUN,MIA,4583847
CUN,MIA,2774976
CUN,MIA,9930201
CUN,MIA,9331837
CUN,MIA,7441657
CUN,MIA,3364784
CUN,MIA,1747418
CUN,MIA,4223672
CUN,MIA,273616
PVR,DFW,8276423
PVR,DFW,9187894
CUN,JFK,166674
CUN,DFW,4375967
GDL,DFW,3457893
MEX,DFW,7702492
MEX,DFW,5573389
MEX,DFW,8142814
MEX,DFW,5844857
MEX,DFW,3184955
MEX,DFW,9680220
MEX,DFW,830862
MEX,DFW,4468598
MEX,DFW,7875475
MEX,DFW,2975137
MEX,DFW,330241
MEX,DFW,6440848
MEX,DFW,5088877
MEX,DFW,1113042
MEX,DFW,2037920
MEX,DFW,6329554
MEX,DFW,5260819
MEX,DFW,5781857
MEX,MIA,7809652
MEX,MIA,3562806
MEX,MIA,3605292
MEX,MIA,4139
MEX,MIA,1627878
MEX,MIA,2723002
MEX,MIA,8725180
MEX,MIA,2785248
MEX,MIA,822330
MEX,MIA,1943886
MEX,MIA,995809
MEX,MIA,100339
MEX,MIA,5780529
MEX,MIA,9928004
MEX,MIA,6632793
MEX,MIA,8421657
MEX,MIA,5185370
MEX,MIA,5906592
MEX,MIA,9213727
MEX,MIA,1318393
MEX,MIA,1411773
MEX,MIA,1677861
MEX,MIA,4652294
MEX,MIA,840681
MEX,MIA,7231471
MEX,MIA,2303368
MEX,MIA,1878934
MEX,MIA,1003507
MEX,MIA,6058124
MEX,MIA,7741532
MEX,MIA,9632000
MEX,MIA,1408898
MEX,MIA,8760569
MEX,MIA,1745850
MEX,MIA,8123031
MEX,MIA,2212163
MEX,MIA,1432899
MEX,MIA,131089
MEX,MIA,1033043
MEX,MIA,6716313
MEX,MIA,2534969
MEX,MIA,6501668
MEX,MIA,6347167
MEX,MIA,3824582
MEX,MIA,9676726
MEX,MIA,5106599
MEX,MIA,7124332
MEX,MIA,9672069
MEX,MIA,892292
MEX,MIA,7333224
MEX,MIA,867070
MEX,MIA,6785842
MEX,MIA,2600893
MEX,MIA,9869068
MEX,MIA,5350550
MEX,MIA,9528479
MEX,MIA,865486
MEX,MIA,7465084
MEX,MIA,10831
MEX,MIA,9359902
MEX,MIA,8563767
MEX,MIA,990411
MEX,MIA,4812608
MEX,MIA,3376096
MEX,MIA,8487120
MEX,MIA,6961752
MEX,MIA,1995997
MEX,MIA,8341670
MEX,MIA,5005963
MEX,MIA,7695583
MEX,MIA,777870
MEX,MIA,7145836
MEX,MIA,5891018
MEX,MIA,5346434
MEX,MIA,275467
MEX,MIA,9420600
MEX,MIA,3419350
MEX,MIA,1778421
MEX,MIA,4470509
MEX,MIA,6590927
MEX,MIA,359293
MEX,MIA,2180983
MEX,MIA,3118548
MEX,MIA,6226102
MEX,MIA,8009498
MEX,MIA,4735315
MEX,MIA,4190417
MEX,MIA,4601333
MEX,MIA,2087760
MEX,MIA,125115
MEX,MIA,7497099
MEX,MIA,9157672
MEX,MIA,9308442
MEX,MIA,8538115
MEX,MIA,8917905
MEX,MIA,8427652
MEX,MIA,4841524
MEX,MIA,9479951
MEX,MIA,2726279
MEX,MIA,2755977
MEX,MIA,7886110
CUN,ORD,2794520
CUN,ORD,3111796
MEX,DFW,5853134
MEX,DFW,8041522
MEX,DFW,2720178
MEX,DFW,9828528
MEX,DFW,352337
MEX,DFW,7973267
MEX,DFW,6539212
MEX,DFW,2480447
MEX,DFW,7323378
CUN,MIA,2264115
CUN,MIA,2724852
CUN,MIA,630620
CUN,MIA,5094254
CUN,MIA,4694262
CUN,MIA,9214952
CUN,MIA,9634532
CUN,MIA,7404787
CUN,MIA,7765491
CUN,MIA,9945061
CUN,MIA,1502223
CUN,MIA,6947308
CUN,MIA,4259931
CUN,MIA,9111310
CUN,MIA,2903986
CUN,MIA,6196758
CUN,MIA,6139596
CUN,MIA,2926150
CUN,MIA,6065423
CUN,MIA,2899227
CUN,MIA,5500892
CUN,MIA,185008
CUN,MIA,3309820
CUN,MIA,4412373
CUN,MIA,4577752
CUN,MIA,4426107
CUN,MIA,3672721
CUN,MIA,6524249
CUN,MIA,1787360
CUN,MIA,264183
CUN,MIA,2426161
CUN,MIA,9869232
CUN,MIA,4125978
CUN,MIA,4365041
CUN,MIA,6474788
CUN,MIA,1923426
CUN,MIA,7554894
CUN,MIA,8050935
CUN,MIA,6473290
CUN,MIA,9635229
CUN,MIA,9003730
CUN,MIA,5225812
CUN,MIA,171780
CUN,MIA,7916179
CUN,MIA,7976165
CUN,MIA,9404359
CUN,MIA,1244849
CUN,MIA,4084930
CUN,MIA,9531452
CUN,MIA,2692617
CUN,MIA,7493210
CUN,MIA,4703139
CUN,MIA,9494034
CUN,MIA,5929293
CUN,MIA,7600065
CUN,MIA,7511017
CUN,MIA,7753749
CUN,MIA,1461901
CUN,MIA,5627264
CUN,MIA,5878914
CUN,MIA,5661384
CUN,MIA,1594626
CUN,MIA,7296199
CUN,MIA,1544469
CUN,MIA,1315782
CUN,MIA,7146825
CUN,MIA,6715398
CUN,MIA,1955689
CUN,MIA,8518672
CUN,MIA,7661510
CUN,MIA,8363117
CUN,MIA,9132732
CUN,DFW,3378875
CUN,DFW,3821018
CUN,DFW,6992359
CUN,DFW,9207010
CUN,DFW,251906
CUN,DFW,3113485
CUN,DFW,9912346
MEX,DFW,3905010
MEX,DFW,9385701
MEX,DFW,818737
MEX,DFW,4623628
MEX,DFW,4719306
MEX,DFW,4171874
MEX,DFW,1262582
MEX,DFW,8258568
MEX,DFW,9518424
CUN,MIA,1965247
CUN,MIA,5253490
CUN,MIA,3884226
CUN,MIA,5124754
CUN,MIA,1925847
MEX,LAX,8544512
MEX,LAX,3986630
MEX,LAX,8337426
MEX,LAX,9569523
MEX,LAX,3537298
MEX,LAX,9533281
MEX,LAX,1618392
MEX,LAX,1500117
MEX,LAX,8904236
MEX,LAX,2035807
MEX,MIA,5784936
MEX,MIA,2115303
MEX,MIA,3337725
MEX,MIA,4840784
MEX,MIA,3093425
MEX,MIA,5422441
MEX,MIA,2607779
MEX,MIA,6418633
MEX,MIA,4748948
MEX,MIA,2495260
MEX,MIA,7859657
MEX,MIA,1135425
MEX,MIA,7299367
MEX,MIA,8408884
MEX,MIA,5166163
MEX,MIA,1952213
MEX,MIA,7238452
MEX,MIA,720715
MEX,MIA,5890459
MEX,MIA,3594419
MEX,MIA,7741677
MEX,MIA,4691669
MEX,MIA,8266947
MEX,MIA,702991
MEX,MIA,5600749
MEX,MIA,735059
MEX,MIA,1091296
MEX,MIA,8034975
MEX,MIA,6138820
MEX,MIA,730650
MEX,MIA,4155035
MEX,MIA,6346058
MEX,MIA,389506
MEX,MIA,3562467
MEX,MIA,335192
MEX,MIA,7541915
MEX,MIA,7613705
MEX,MIA,5030896
MEX,MIA,5486567
MEX,MIA,805471
MEX,MIA,1893081
MEX,MIA,6685049
MEX,MIA,5708658
MEX,MIA,8346055
MEX,MIA,2690625
MEX,MIA,8244685
MEX,MIA,3354238
MEX,MIA,5329793
MEX,MIA,6096674
MEX,MIA,850366
MEX,MIA,3507708
GDL,DFW,3625796
CUN,DFW,437634
CUN,DFW,3099686
CUN,DFW,9555931
CUN,DFW,7954935
CUN,DFW,3854064
HMO,PHX,2606309
MTY,DFW,7229781
MTY,DFW,6011295
CUU,DFW,2272114
TRC,DFW,3653609
MTY,DFW,6057081
MTY,DFW,721933
MTY,DFW,4744123
MTY,DFW,5356331
MTY,DFW,7404300
MTY,DFW,7069514
MTY,DFW,5218504
MTY,DFW,9361605
MTY,DFW,162781
MTY,DFW,3958274
MTY,DFW,8019748
MTY,DFW,9730634
MTY,DFW,1055137
MTY,DFW,233688
MTY,DFW,9074539
MTY,DFW,9980424
MTY,DFW,9473599
MTY,DFW,8344950
MTY,DFW,9601795
MTY,DFW,1631611
MTY,DFW,8506507
MTY,DFW,2469394
MTY,DFW,5374282
MTY,DFW,800785
MTY,DFW,6240473
MTY,DFW,994312
MTY,DFW,7144918
MTY,DFW,9787022
MTY,DFW,2437164
MTY,DFW,6764398
MTY,DFW,4877211
MTY,DFW,5205738
MTY,DFW,2018998
MTY,DFW,4611756
MTY,DFW,9348900
MTY,DFW,8852088
MTY,DFW,2860248
MTY,DFW,3370523
MTY,DFW,6636236
QRO,DFW,8594329
QRO,DFW,2180217
QRO,DFW,3908201
QRO,DFW,8871339
QRO,DFW,292387
QRO,DFW,7625607
QRO,DFW,1755368
QRO,DFW,2748620
QRO,DFW,4415839
QRO,DFW,2272342
PVR,DFW,2543157
QRO,DFW,5231290
QRO,DFW,6091599
QRO,DFW,6689037
QRO,DFW,8905315
QRO,DFW,9421625
QRO,DFW,7832042
QRO,DFW,6718171
QRO,DFW,4406017
QRO,DFW,8952813
QRO,DFW,2136020
AGU,DFW,6099925
AGU,DFW,452121
AGU,DFW,7394345
AGU,DFW,700090
AGU,DFW,6263606
AGU,DFW,6279614
AGU,DFW,6267090
AGU,DFW,9661173
AGU,DFW,1558040
AGU,DFW,1543631
AGU,DFW,6642511
AGU,DFW,4906533
AGU,DFW,730733
MTY,DFW,1260322
MTY,DFW,9427780
MTY,DFW,1835399
BJX,DFW,7682758
BJX,DFW,3286989
BJX,DFW,33320
MTY,DFW,2417876
MTY,DFW,5610977
MTY,DFW,7797256
MTY,DFW,8885594
GDL,DFW,3921939
GDL,DFW,6242016
GDL,DFW,656128
GDL,DFW,7807781
GDL,DFW,5771489
GDL,DFW,3410004
GDL,DFW,9069992
GDL,DFW,275174
GDL,DFW,427230
GDL,DFW,3699824
GDL,DFW,5168172
GDL,DFW,2110183
GDL,DFW,9481052
GDL,DFW,6860943
GDL,DFW,1043342
GDL,DFW,9904607
GDL,DFW,9636387
MEX,DFW,5255274
MEX,DFW,9239098
MEX,DFW,8603203
MEX,DFW,4726485
MEX,DFW,1065128
MEX,DFW,2424750
MEX,DFW,6322275
MEX,DFW,2315749
MEX,DFW,152315
MEX,DFW,5229264
MEX,DFW,8203738
MEX,DFW,7544538
MEX,DFW,4282944
MEX,DFW,7548172
MEX,DFW,5106112
MEX,DFW,5518765
MEX,DFW,6455597
MEX,DFW,6573827
MEX,DFW,7428972
MEX,DFW,8949509
MEX,DFW,4073828
MEX,DFW,722849
MEX,DFW,19671
MEX,DFW,9037988
PBC,DFW,1311624
MTY,MIA,5335719
MTY,MIA,9936602
MTY,MIA,9526857
MEX,PHX,8350913
MID,MIA,6444009
MID,MIA,7044683
MTY,MIA,2075555
MTY,MIA,9911024
MTY,MIA,6750956
MTY,MIA,5874521
MTY,MIA,8273802
MTY,MIA,6284229
MEX,PHL,164638
MEX,PHL,5530994
MEX,PHL,8614787
MEX,PHL,7711641
MEX,PHL,9070181
MEX,PHL,934178
MEX,PHL,2615330
MEX,PHL,6473129
MEX,PHX,5478384
MEX,PHX,5631773
MEX,PHX,5256815
MEX,PHX,6252602
MEX,PHX,2213824
MEX,PHX,8520439
MEX,MIA,601540
MEX,MIA,56557
MEX,MIA,2685294
MEX,MIA,1068502
MEX,MIA,823119
MEX,MIA,1606008
MEX,MIA,7619903
MEX,MIA,8805156
MEX,MIA,4206538
MEX,MIA,7729740
MEX,MIA,9612482
MEX,MIA,5136803
SLP,DFW,4638235
SLP,DFW,5393202
SLP,DFW,1782666
SLP,DFW,2321155
SLP,DFW,3906757
SLP,DFW,9948731
SLP,DFW,5264984
SLP,DFW,4130407
SLP,DFW,2423194
SLP,DFW,9294702
SLP,DFW,6566327
SLP,DFW,2894267
SLP,DFW,6958800
SLP,DFW,3237325
SLP,DFW,6119748
SLP,DFW,1776811
GDL,DFW,4854426
GDL,PHX,935621
MEX,LAX,3865332
MEX,LAX,5944560
MEX,LAX,1489850
MEX,LAX,8566128
MEX,CLT,4477135
MEX,CLT,109737
MEX,CLT,5947555
MEX,CLT,4986333
MEX,CLT,9453323
MEX,CLT,2195742
MEX,CLT,5398232
MEX,CLT,7467582
MEX,CLT,5434354
MEX,CLT,7247660
MEX,CLT,153789
MEX,CLT,1966913
MEX,CLT,6370102
MEX,CLT,3618490
MEX,CLT,376535
MEX,CLT,6855301
MEX,CLT,9259471
MEX,CLT,1262772
MEX,CLT,4936326
MEX,CLT,8040573
CUN,CLT,6140026
CUN,CLT,8906829
MEX,YYZ,6434672
MEX,YYZ,972365
MEX,YYZ,302380
MEX,YYZ,3795448
MEX,YYZ,7249473
MEX,YYZ,3771371
MEX,YYZ,1108004
MEX,YYZ,8347041
MEX,YYZ,1073139
MEX,YYZ,7224456
MEX,YYZ,6866264
MEX,YYZ,2948656
MEX,YYZ,3844436
MEX,YYZ,7891744
MEX,YYZ,5876186
MEX,YYZ,8141385
MEX,YYZ,5815950
MEX,YYZ,4639396
MEX,YYZ,7486527
GDL,IAH,2209504
MEX,YVR,9150269
MEX,YVR,1514378
MEX,YVR,4216234
MEX,YVR,5292329
MEX,YVR,666790
MEX,CDG,5098726
MEX,CDG,5753266
MEX,CDG,9499309
MEX,CDG,3380856
MEX,CDG,8681494
MEX,CDG,5155784
MEX,CDG,5245529
MEX,CDG,3977425
MEX,CDG,2961036
MEX,CDG,1332662
MEX,CDG,7007066
MEX,CDG,7300288
MEX,CDG,5945536
MEX,CDG,6254055
MEX,CDG,281614
MEX,CDG,7242574
MEX,CDG,6130418
MEX,CDG,2272380
MEX,CDG,1205750
MEX,CDG,9269762
MEX,CDG,6376352
MEX,CDG,5845047
MEX,CDG,6657199
MEX,CDG,3292801
MEX,CDG,567541
MEX,CDG,4204785
MEX,CDG,7927154
MEX,CDG,6410580
MEX,CDG,4244932
MEX,CDG,3493092
MEX,CDG,844551
MEX,CDG,2057952
MEX,CDG,3573235
MEX,CDG,9620882
MEX,CDG,3211737
MEX,CDG,795238
MEX,CDG,2802396
MEX,CDG,2340139
MEX,CDG,1697938
MEX,CDG,4989074
MEX,CDG,9567855
MEX,CDG,6848794
MEX,CDG,4613808
MEX,CDG,140076
MEX,CDG,598566
MEX,CDG,4003481
MEX,CDG,955910
MEX,CDG,9724335
MEX,CDG,3114385
MEX,CDG,138427
MEX,CDG,1350850
MEX,CDG,1892277
MEX,CDG,6290586
MEX,CDG,118069
MEX,CDG,1495797
MEX,CDG,1667291
MEX,CDG,8530372
MEX,CDG,9355212
MEX,CDG,4500883
MEX,CDG,1513304
MEX,CDG,8117970
MEX,CDG,2600435
MEX,CDG,9916438
MEX,CDG,1534906
MEX,CDG,4711535
MEX,CDG,2891987
MEX,CDG,7526407
MEX,CDG,6196133
MEX,CDG,1707550
MEX,CDG,1374270
MEX,CDG,616916
MEX,CDG,9592984
MEX,CDG,8841008
MEX,CDG,1054352
MEX,CDG,3972624
MEX,CDG,2968291
MEX,CDG,9898826
MEX,CDG,4213831
MEX,CDG,197673
MEX,CDG,8074546
MEX,CDG,8436414
MEX,CDG,6894740
MEX,CDG,899226
MEX,CDG,3639943
MEX,CDG,2852597
MEX,CDG,6908691
MEX,CDG,4150721
MEX,CDG,4042723
MEX,CDG,3756801
MEX,CDG,182449
MEX,CDG,442976
MEX,CDG,9707258
MEX,CDG,9055833
MEX,CDG,7875230
MEX,CDG,5215186
MEX,CDG,4984472
MEX,CDG,1432665
MEX,CDG,813716
MEX,CDG,8130395
MEX,CDG,2603138
MEX,CDG,7443256
MEX,CDG,3970700
MEX,CDG,3591597
MEX,CDG,1697462
MEX,CDG,9045826
MEX,CDG,8673107
MEX,CDG,4179801
MEX,CDG,5207755
MEX,CDG,3289446
MEX,CDG,9278975
MEX,CDG,7486068
MEX,CDG,9056097
MEX,CDG,4349126
MEX,CDG,3625007
MEX,CDG,2248152
MEX,CDG,7114145
MEX,CDG,3347879
MEX,CDG,9529054
MEX,CDG,2999107
MEX,CDG,9220628
MEX,CDG,7141180
MEX,CDG,4899843
MEX,CDG,6827549
MEX,CDG,2214657
MEX,CDG,5752629
MEX,CDG,978520
MEX,CDG,3355304
MEX,CDG,3040135
MEX,CDG,1795234
MEX,CDG,9581054
MEX,CDG,9980675
MEX,CDG,3908942
MEX,CDG,2880104
MEX,CDG,2558923
MEX,CDG,4355249
MEX,CDG,1774704
MEX,CDG,3811675
MEX,CDG,5482082
MEX,CDG,5332421
MEX,CDG,9215557
MEX,CDG,6289094
MEX,CDG,5784957
MEX,CDG,3563007
MEX,CDG,3121182
MEX,CDG,1078813
MEX,CDG,1117925
MEX,CDG,9623536
MEX,CDG,8911867
MEX,CDG,1555554
MEX,GDL,4736438
MEX,GDL,886132
CJS,MEX,918879
CJS,MEX,35676
MEX,PVR,7787699
MEX,PVR,503723
MEX,GDL,3730920
MEX,GDL,1899303
MEX,GDL,2715037
MEX,GDL,9079134
PVR,MEX,6647144
PVR,MEX,3784368
MEX,ZCL,1205754
MEX,CDG,7177281
MEX,CDG,9456497
MEX,CDG,1968447
MEX,CDG,4175225
MEX,CDG,2426448
MEX,CDG,7952142
MEX,CDG,3651366
MEX,CDG,7258470
MEX,CDG,7702195
MEX,CDG,2220931
MEX,CDG,7835366
GDL,MEX,4339648
GDL,MEX,6126838
GDL,MEX,894446
MEX,CJS,7071970
MEX,CJS,3538878
MEX,AMS,1415459
MEX,AMS,1321754
MEX,AMS,393708
MEX,AMS,200821
MEX,AMS,1301316
MEX,AMS,7014645
MEX,AMS,8738272
MEX,ATL,9023384
MEX,ATL,4256073
MEX,CEN,4174510
MEX,CEN,9919753
MEX,CEN,5124335
MEX,CEN,1703783
ZCL,MEX,9615819
MEX,MAD,6058855
MEX,MAD,9429954
MEX,MAD,8150094
MEX,MAD,3779294
MEX,MAD,6066396
MEX,MAD,9056011
MEX,MAD,9829258
MEX,MAD,9969775
MEX,MAD,3593779
MEX,MAD,242541
MEX,MAD,9534545
MEX,MAD,4431865
MEX,MAD,9692708
MEX,MAD,1128907
MEX,MAD,6837835
MEX,MAD,7727374
MEX,MAD,9360331
MEX,MAD,7451403
MEX,MAD,4008932
MEX,MAD,4859390
MEX,MAD,3954322
MEX,MAD,6118514
MEX,MAD,4437200
MEX,MAD,865284
MEX,MAD,9406701
MEX,MAD,8749846
MEX,MAD,3470514
MEX,MAD,9843294
MEX,MAD,6635899
MEX,MAD,3182230
MEX,MAD,9412068
MEX,MAD,8899755
MEX,MAD,9799678
MEX,MAD,3855713
MEX,MAD,7494351
MEX,MAD,3157971
MEX,MAD,7977178
MEX,MAD,6854501
MEX,MAD,7700532
MEX,MAD,5407065
MEX,MAD,8064181
MEX,MAD,5295527
MEX,MAD,2882439
MEX,MAD,656541
MEX,MAD,6985197
MEX,MAD,625486
MEX,MAD,5220653
MEX,MAD,1943044
MEX,MAD,2982379
MEX,MAD,6745815
MEX,MAD,8611148
MEX,MAD,1432108
MEX,MAD,4336061
MEX,MAD,8024450
MEX,MAD,5166179
MEX,MAD,911389
MEX,MAD,3591037
MEX,MAD,8465427
MEX,MAD,2446875
MEX,MAD,7951813
MEX,MAD,9256453
MEX,MAD,402586
MEX,MAD,5034042
MEX,MAD,1028737
MEX,MAD,5839050
MEX,MAD,723883
MEX,MAD,3568909
MEX,MAD,5413645
MEX,SCL,7660513
MEX,SCL,6066808
MEX,SCL,192210
MEX,SCL,4503471
MEX,SCL,4639555
MEX,SCL,8604561
MEX,SCL,4301634
MEX,SCL,3067201
MEX,SCL,201449
MEX,SCL,3333130
MEX,SCL,8966787
MEX,SCL,1047159
MEX,SCL,4032671
MEX,SCL,2210541
MEX,SCL,7272200
MEX,SCL,7475091
MEX,SCL,5554724
MEX,SCL,5541576
MEX,SCL,7167562
MEX,SCL,6119036
MEX,SCL,7206719
MEX,SCL,3317669
MEX,SCL,5052040
MEX,SCL,7142312
MEX,SCL,3661958
MEX,SCL,9569378
MEX,SCL,9278898
MEX,SCL,9303402
MEX,SCL,8958019
MEX,SCL,7603344
MEX,SCL,6707288
MEX,SCL,5049499
MEX,SCL,1863419
MEX,SCL,4472943
MEX,SCL,7893878
MEX,SCL,1585053
MEX,SCL,4141664
MEX,SCL,7568232
MEX,SCL,8313317
MEX,SCL,5232736
MEX,SCL,9783954
MEX,SCL,8648730
MEX,SCL,9589452
MEX,SCL,324883
MEX,SCL,8379057
MEX,SCL,5100376
MEX,SCL,8303528
MEX,SCL,6701204
MEX,SCL,985846
MEX,SCL,2976435
MEX,SCL,1326753
MEX,SCL,8199220
MEX,SCL,6710065
MEX,SCL,7238497
MEX,SCL,4554748
MEX,SCL,9251503
MEX,SCL,1711253
MEX,SCL,7948566
MEX,SCL,4315193
MEX,SCL,8158196
MEX,SCL,4269070
MEX,SCL,8946361
MEX,SCL,6246759
MEX,SCL,1916801
MEX,SCL,4720751
MEX,SCL,3172693
MEX,SCL,2771561
MEX,SCL,805369
MEX,SCL,8534967
MEX,SCL,1951994
MEX,SCL,2378925
MEX,SCL,9560450
MEX,SCL,5396623
MEX,SCL,1723536
MEX,SCL,8107376
MEX,SCL,277833
MEX,SCL,4690946
MEX,SCL,6577629
MEX,SCL,237210
MEX,SCL,3948343
MEX,SCL,3120522
MEX,SCL,7778582
MEX,SCL,648225
MEX,SCL,5314609
MEX,SCL,9474179
MEX,SCL,1170189
MEX,SCL,6920210
MEX,SCL,721753
MEX,SCL,1860617
MEX,SCL,8590390
MEX,SCL,9707176
MEX,SCL,8646014
MEX,SCL,8873839
MEX,SCL,5844520
MEX,SCL,9676435
MEX,SCL,9464214
MEX,SCL,3342027
MEX,SCL,6023648
MEX,SCL,1786533
MEX,SCL,54895
MEX,SCL,5847656
MEX,SCL,2913270
MEX,SCL,793104
MEX,SCL,7148279
MEX,SCL,8616183
MEX,SCL,6221252
MEX,SCL,1841900
MEX,SCL,8990481
MEX,SCL,8894423
MEX,SCL,3518561
MEX,SCL,4364270
MEX,SCL,7234267
MEX,SCL,9712299
MEX,SCL,8054672
MEX,SCL,6019691
MEX,SCL,7865417
MEX,SCL,6997258
MEX,SCL,214699
MEX,SCL,1078660
MEX,SCL,6373343
MEX,SCL,4914345
MEX,SCL,4579611
MEX,SCL,7787876
MEX,SCL,7891986
MEX,SCL,506057
MEX,SCL,9931174
MEX,SCL,7382099
MEX,SCL,7576427
MEX,SCL,5422695
MEX,SCL,4246660
MEX,SCL,7748851
MEX,SCL,3772436
MEX,SCL,8448402
MEX,SCL,4090453
MEX,SCL,273460
MEX,SCL,2125830
MEX,SCL,5734729
MEX,SCL,6990874
MEX,SCL,4411447
MEX,SCL,3556806
MEX,SCL,456765
MEX,SCL,8627013
MEX,SCL,777505
MEX,SCL,1888991
MEX,SCL,8957453
MEX,SCL,726206
MEX,SCL,3964268
MEX,SCL,6542793
MEX,SCL,8811574
MEX,SCL,7659511
MEX,SCL,5314699
MEX,SCL,3484438
MEX,SCL,413269
MEX,SCL,2361190
MEX,SCL,1279619
MEX,SCL,8993030
MEX,SCL,3779227
MEX,SCL,4603515
MEX,SCL,7299719
MEX,SCL,6091656
MEX,SCL,3117787
MEX,SCL,5102829
MEX,SCL,4307249
MEX,SCL,1423069
MEX,SCL,1008698
MEX,SCL,6500579
MEX,SCL,8939202
MEX,SCL,1862429
MEX,SCL,7398014
MEX,SCL,8588692
MEX,SCL,7622285
MEX,SCL,9042057
MEX,SCL,6333870
MEX,SCL,7991210
MEX,SCL,6430687
MEX,SCL,381398
MEX,SCL,8325768
MEX,SCL,3571364
MEX,SCL,5455697
MEX,SCL,9042342
MEX,SCL,2400101
MEX,SCL,5829152
MEX,SCL,7984885
MEX,SCL,8562720
MEX,SCL,4249985
MEX,SCL,2942264
MEX,SCL,5548485
MEX,SCL,9722641
MEX,SCL,8253885
MEX,SCL,7192479
MEX,SCL,9626560
MEX,SCL,6228914
MEX,SCL,5353732
MEX,SCL,6423236
MEX,SCL,7775876
MEX,SCL,5451278
MEX,SCL,2363916
MEX,SCL,6900019
MEX,SCL,6188189
MEX,SCL,7412433
MEX,SCL,5208881
MEX,SCL,2179022
MEX,SCL,2940939
MEX,SCL,4048370
MEX,SCL,1951832
MEX,SCL,9331853
MEX,SCL,954818
MEX,SCL,9020400
MEX,SCL,6591307
MEX,SCL,4911450
MEX,SCL,4583292
MEX,SCL,6088638
MEX,SCL,2425124
MEX,SCL,9602354
MEX,SCL,2577101
MEX,SCL,9536706
MEX,SCL,2640690
MEX,SCL,1031408
MEX,SCL,2844188
MEX,SCL,4205446
MEX,SCL,2060298
MEX,SCL,4639314
MEX,SCL,4693654
MEX,SCL,831506
MEX,SCL,4043848
MEX,SCL,3647079
MEX,SCL,5253230
MEX,SCL,8042892
MEX,SCL,269938
MEX,SCL,1187532
MEX,SCL,7539960
MEX,SCL,6393494
MEX,SCL,117640
MEX,SCL,3967516
MEX,SCL,3183907
MEX,SCL,8578406
MEX,SCL,3180011
MEX,SCL,4987745
MEX,SCL,2302732
MEX,SCL,857404
MEX,SCL,2450898
MEX,SCL,2624953
MEX,SCL,1805571
MEX,SCL,6874872
MEX,SCL,1627832
MEX,SCL,4197397
MEX,SCL,5012359
MEX,SCL,6965653
MEX,SCL,5673573
MEX,SCL,1782184
MEX,SCL,7652634
MEX,SCL,4530841
MEX,SCL,1717884
MEX,SCL,8253878
MEX,SCL,9616281
MEX,SCL,7392267
MEX,SCL,6155965
MEX,SCL,1012632
MEX,SCL,4591064
MEX,SCL,7567628
MEX,SCL,349657
MEX,SCL,8711397
MEX,SCL,2935550
MEX,SCL,9309011
MEX,SCL,1702839
MEX,SCL,1541592
MEX,SCL,2151713
MEX,SCL,7798322
MEX,SCL,7933401
MEX,SCL,1032244
MEX,SCL,7411051
MEX,SCL,371806
MEX,SCL,6002439
MEX,SCL,1063751
MEX,SCL,405472
MEX,SCL,5796274
MEX,SCL,3488122
MEX,SCL,5028488
MEX,SCL,7117004
MEX,SCL,5129058
MEX,SCL,82055
MEX,SCL,7084123
MEX,SCL,9862580
MEX,SCL,2247626
MEX,SCL,7389112
MEX,SCL,3012374
MEX,SCL,2035076
MEX,SCL,4357348
MEX,SCL,9089793
MEX,SCL,2060424
MEX,SCL,7570390
MEX,SCL,3544441
MEX,SCL,9881874
MEX,SCL,8593090
MEX,SCL,1186270
MEX,SCL,551618
MEX,SCL,5292222
MEX,SCL,6091976
MEX,SCL,4634295
MEX,SCL,909936
MEX,SCL,1643920
MEX,SCL,4924689
MEX,SCL,4694752
MEX,SCL,6763113
MEX,SCL,1541067
MEX,SCL,4696738
MEX,SCL,2266357
MEX,SCL,864808
MEX,SCL,4083472
MEX,SCL,4716559
MEX,SCL,9226355
MEX,SCL,4205204
MEX,SCL,7885359
MEX,SCL,8319034
MEX,SCL,5879009
MEX,SCL,2572152
MEX,SCL,1829794
MEX,SCL,7390581
MEX,SCL,6025506
MEX,SCL,9047366
MEX,SCL,9095621
MEX,SCL,5305422
MEX,SCL,606325
MEX,SCL,6356037
MEX,SCL,2674935
MEX,SCL,8529631
MEX,SCL,6879964
MEX,SCL,3205472
MEX,SCL,8395240
MEX,SCL,8578032
MEX,SCL,3507282
MEX,SCL,5073844
MEX,SCL,7494637
MEX,SCL,132560
MEX,SCL,4294976
MEX,SCL,3624876
MEX,SCL,767596
MEX,SCL,3835068
MEX,SCL,8454369
MEX,SCL,867779
MEX,SCL,3545016
MEX,SCL,4853784
MEX,SCL,3099310
MEX,SCL,4502739
MEX,SCL,294007
MEX,SCL,8551238
MEX,SCL,1536973
MEX,SCL,4216186
MEX,SCL,8051477
MEX,SCL,2493669
MEX,SCL,8350611
MEX,SCL,983906
MEX,SCL,2847665
MEX,SCL,1464667
MEX,SCL,361101
MEX,SCL,6601263
MEX,SCL,7447753
MEX,SCL,5808822
MEX,SCL,8859685
MEX,SCL,6185679
MEX,SCL,1596111
MEX,SCL,6671104
MEX,SCL,1176839
MEX,SCL,5107258
MEX,SCL,5627725
MEX,SCL,4463788
MEX,SCL,5671668
MEX,SCL,792896
MEX,SCL,1864952
MEX,SCL,7541289
MEX,SCL,7803600
MEX,SCL,6540072
MEX,SCL,1654842
MEX,SCL,1525827
MEX,SCL,9213842
MEX,SCL,1165614
MEX,SCL,4834652
MEX,SCL,9922
MEX,SCL,4439322
MEX,SCL,5126067
MEX,SCL,3746336
MEX,SCL,3676713
MEX,SCL,7155921
MEX,SCL,2544483
MEX,SCL,1982778
MEX,SCL,1418888
MEX,SCL,2339452
MEX,SCL,8373271
MEX,SCL,5039262
MEX,SCL,1755580
MEX,SCL,8749659
MEX,SCL,1731589
MEX,SCL,1387779
MEX,SCL,4233676
MEX,SCL,1729075
MEX,SCL,7387249
MEX,SCL,7079285
MEX,SCL,9830001
MEX,SCL,9744097
MEX,SCL,9459448
MEX,SCL,9885369
MEX,SCL,1864885
MEX,SCL,9878369
MEX,SCL,2049013
MEX,SCL,9693374
MEX,SCL,3829848
MEX,SCL,3258299
MEX,SCL,9435547
MEX,SCL,9402565
MEX,SCL,1669981
MEX,SCL,1110270
MEX,SCL,6697894
MEX,SCL,2588275
MEX,SCL,9923313
MEX,SCL,7738093
MEX,SCL,1424642
MEX,SCL,9597813
MEX,SCL,9526579
MEX,SCL,9327094
MEX,SCL,2170450
MEX,SCL,7162405
MEX,SCL,7369663
MEX,SCL,5830629
MEX,SCL,7541490
MEX,SCL,8150465
MEX,SCL,3227693
MEX,SCL,7865808
MEX,SCL,1230471
MEX,SCL,7785150
MEX,SCL,2574523
MEX,SCL,7153449
MEX,SCL,1776514
MEX,SCL,4368529
MEX,SCL,3283341
MEX,SCL,8637872
MEX,SCL,7981344
MEX,SCL,7709239
MEX,SCL,5476441
MEX,SCL,8729182
MEX,SCL,790254
MEX,SCL,1364588
MEX,SCL,8311815
MEX,SCL,1080819
MEX,SCL,5472027
MEX,SCL,7374399
MEX,SCL,2146206
MEX,SCL,5666879
MEX,SCL,8583917
MEX,SCL,3149241
MEX,SCL,9444377
MEX,SCL,5781393
MEX,SCL,6941119
MEX,SCL,6958785
MEX,SCL,1539421
MEX,SCL,8983694
MEX,SCL,4825582
MEX,SCL,343639
MEX,SCL,5107195
MEX,SCL,4803922
MEX,SCL,4087119
MEX,SCL,2368909
MEX,SCL,3062970
MEX,SCL,952514
MEX,SCL,8569669
MEX,SCL,8384382
MEX,SCL,635919
MEX,SCL,8308121
MEX,SCL,9218553
MEX,SCL,4556194
MEX,SCL,6498723
MEX,SCL,3543302
MEX,SCL,9279290
MEX,SCL,698423
MEX,SCL,9620422
MEX,SCL,1965005
MEX,SCL,2362576
MEX,SCL,2921166
MEX,SCL,3019517
MEX,SCL,8301268
MEX,SCL,3153214
MEX,SCL,270780
MEX,SCL,5640322
MEX,SCL,495743
MEX,SCL,2073984
MEX,SCL,3940688
MEX,SCL,351019
MEX,SCL,3928962
MEX,SCL,9340465
MEX,SCL,9403171
MEX,SCL,8917502
MEX,SCL,4143793
MEX,SCL,7330810
MEX,SCL,9262226
MEX,SCL,2827566
MEX,SCL,9081171
MEX,SCL,3742848
MEX,SCL,4253562
MEX,SCL,3331776
MEX,SCL,7679035
MEX,SCL,6156383
MEX,SCL,1151714
MEX,SCL,7238684
MEX,SCL,2008879
MEX,SCL,5477435
MEX,SCL,2894184
MEX,SCL,6661062
MEX,SCL,1733115
MEX,SCL,669428
MEX,SCL,8818073
MEX,SCL,2238272
MEX,SCL,2188368
MEX,SCL,7297098
MEX,SCL,235231
MEX,SCL,7249960
MEX,SCL,3820066
MEX,SCL,5469088
MEX,SCL,9474048
MEX,SCL,2015507
MEX,SCL,6600812
MEX,SCL,7018706
MEX,SCL,4713470
MEX,SCL,2120224
MEX,SCL,9752617
MEX,SCL,4933102
MEX,SCL,320085
MEX,SCL,8332736
MEX,SCL,9747206
MEX,SCL,7835564
MEX,SCL,4709675
MEX,SCL,1171044
MEX,SCL,3708238
MEX,SCL,7149932
MEX,SCL,4792659
MEX,SCL,318896
MEX,SCL,9399741
MEX,SCL,7644946
MEX,SCL,6262472
MEX,SCL,7399710
MEX,SCL,7484446
MEX,SCL,6320980
MEX,SCL,6407734
MEX,SCL,3730373
MEX,SCL,5756218
MEX,SCL,9440684
MEX,SCL,9767430
MEX,SCL,6387488
MEX,SCL,747326
MEX,SCL,8793909
MEX,SCL,4129664
MEX,SCL,4692908
MEX,SCL,8418626
MEX,SCL,9430548
MEX,SCL,7312575
MEX,SCL,177670
MEX,SCL,3806736
MEX,SCL,1791043
MEX,SCL,1561570
MEX,SCL,4965637
MEX,SCL,5908933
MEX,SCL,5476921
MEX,SCL,1928756
MEX,SCL,9339137
MEX,SCL,1249823
MEX,SCL,8415614
MEX,SCL,6007965
MEX,SCL,3878772
MEX,SCL,4530647
MEX,SCL,2392966
MEX,SCL,8263619
MEX,SCL,8587516
MEX,SCL,6878359
MEX,SCL,5626338
MEX,SCL,4449951
MEX,SCL,9503388
MEX,SCL,5421632
MEX,SCL,3852473
MEX,SCL,1243977
MEX,SCL,8945305
MEX,SCL,1430135
MEX,SCL,4347929
MEX,SCL,6034315
MEX,SCL,4316726
MEX,SCL,954496
MEX,SCL,7483931
MEX,SCL,2893364
MEX,SCL,3525509
MEX,SCL,5647967
MEX,SCL,9861618
MEX,SCL,8322674
MEX,SCL,858941
MEX,SCL,1089407
MEX,SCL,7559920
MEX,SCL,6507689
MEX,SCL,5489197
MEX,SCL,9817303
MEX,SCL,4909826
MEX,SCL,1393531
MEX,SCL,5570324
MEX,SCL,1341405
MEX,SCL,1911409
MEX,SCL,2480244
MEX,SCL,9253970
MEX,SCL,5560101
MEX,SCL,6453662
MEX,SCL,4859264
MEX,SCL,4633627
MEX,SCL,9772133
MEX,SCL,8801147
MEX,SCL,2864023
MEX,SCL,2667161
MEX,SCL,9795027
MEX,SCL,7569804
MEX,SCL,7161693
MEX,SCL,8776000
MEX,SCL,8157455
MEX,SCL,2761801
MEX,SCL,1416341
MEX,SCL,338192
MEX,SCL,9293793
MEX,SCL,7270367
MEX,SCL,2450450
MEX,SCL,1382175
MEX,SCL,5002076
MEX,SCL,5012509
MEX,SCL,4598760
MEX,SCL,9243582
MEX,SCL,9495579
MEX,SCL,4618735
MEX,SCL,197616
MEX,SCL,7739819
MEX,SCL,4019834
MEX,SCL,5777727
MEX,SCL,9374022
MEX,SCL,8250844
MEX,SCL,8663065
MEX,SCL,2906227
MEX,SCL,5129114
MEX,SCL,3553159
MEX,SCL,3034589
MEX,SCL,1773189
MEX,SCL,5337871
MEX,SCL,4549299
MEX,SCL,2998232
MEX,SCL,1493128
MEX,SCL,6572641
MEX,SCL,1929493
MEX,SCL,2946165
MEX,SCL,9707794
MEX,SCL,3903417
MEX,SCL,1927668
MEX,SCL,3036250
MEX,SCL,4125132
MEX,SCL,6345587
MEX,SCL,3511164
MEX,SCL,8422417
MEX,SCL,2303725
MEX,SCL,2665983
MEX,SCL,4033055
MEX,SCL,7772976
MEX,SCL,1456061
MEX,SCL,6843623
MEX,SCL,4554015
MEX,SCL,6336201
MEX,SCL,7555495
MEX,SCL,6321413
MEX,SCL,6555389
MEX,SCL,398712
MEX,SCL,1648563
MEX,SCL,1502372
MEX,SCL,3879527
MEX,SCL,1850279
MEX,SCL,1085815
MEX,SCL,9419696
MEX,SCL,1397534
MEX,SCL,2036330
MEX,SCL,5223056
MEX,SCL,8198575
MEX,SCL,404020
MEX,SCL,9693429
MEX,SCL,3659364
MEX,SCL,3050689
MEX,SCL,2232904
MEX,SCL,39893
MEX,GDL,2762005
MEX,GDL,4374949
MEX,GDL,9327163
MEX,GDL,3609603
MEX,GDL,517665
MEX,GDL,1568762
MEX,GDL,6139917
MEX,GDL,4849923
MEX,GDL,6511599
MEX,GDL,6498818
MEX,GDL,370335
MEX,GDL,3210389
MEX,GDL,379288
MEX,GDL,9622418
MEX,GDL,2161107
MEX,GDL,9217512
MEX,GDL,5668518
MEX,GDL,4695130
MEX,GDL,1949843
MEX,GDL,8186820
MEX,GDL,6156762
MEX,GDL,6655293
MEX,GDL,9585707
MEX,GDL,202064
MEX,GDL,8725452
MEX,GDL,6537555
MEX,GDL,2837482
MEX,GDL,8226290
MEX,GDL,5131026
MEX,GDL,2196167
MEX,GDL,5213340
MEX,GDL,1813173
MEX,GDL,3452629
MEX,GDL,8745932
MEX,GDL,6663399
MEX,GDL,4987738
MEX,GDL,4453031
MEX,GDL,8070769
MEX,GDL,5426865
MEX,GDL,2391097
MEX,GDL,6704691
MEX,GDL,1989508
MEX,GDL,5347655
MEX,GDL,1102906
MEX,GDL,2044561
MEX,GDL,9334385
MEX,GDL,7859261
MEX,GDL,4218152
MEX,GDL,6813464
MEX,GDL,7289152
MEX,GDL,5664361
MEX,GDL,6143547
MEX,GDL,4804904
MEX,GDL,4850490
MEX,GDL,174216
MEX,GDL,4039412
MEX,GDL,1103504
MEX,GDL,2267540
MEX,GDL,1718014
MEX,GDL,6712522
MEX,GDL,6985577
MEX,GDL,6296603
MEX,GDL,9164482
MEX,GDL,6539696
MEX,GDL,5194883
MEX,GDL,130868
MEX,GDL,8668546
MEX,GDL,9551429
MEX,GDL,677165
MEX,GDL,3001442
MEX,GDL,7914528
MEX,GDL,1672409
MEX,GDL,1278119
MEX,GDL,8874281
MEX,GDL,5737985
MEX,GDL,7065248
MEX,GDL,5636058
MEX,GDL,7615287
MEX,GDL,9919853
MEX,GDL,7184863
MEX,GDL,2709003
MEX,GDL,1735594
MEX,GDL,232586
MEX,GDL,8853340
MEX,GDL,761659
MEX,GDL,640198
MEX,GDL,6014572
MEX,GDL,6769974
MEX,GDL,7970128
MEX,GDL,3696092
MEX,GDL,5034663
MEX,GDL,4270602
MEX,GDL,9292916
MEX,GDL,5699824
MEX,GDL,9813137
MEX,GDL,1708444
MEX,GDL,4630428
MEX,GDL,1802946
MEX,GDL,8662644
MEX,GDL,2206293
MEX,GDL,5208845
MEX,GDL,5988894
MEX,GDL,2266952
MEX,GDL,5771309
MEX,GDL,6795919
MEX,GDL,2697496
MEX,GDL,2890437
MEX,GDL,8422470
MEX,GDL,9964879
MEX,GDL,3706172
MEX,GDL,8007317
MEX,GDL,1032923
MEX,GDL,9151873
MEX,GDL,1720356
MEX,GDL,4036998
MEX,GDL,9591630
MEX,GDL,2268684
MEX,GDL,6864886
MEX,GDL,825937
MEX,GDL,8467665
MEX,GDL,5373456
MEX,GDL,3309459
MEX,GDL,5140761
MEX,GDL,8805628
MEX,GDL,1917344
MEX,GDL,7833288
MEX,GDL,4509946
MEX,GDL,4752384
MEX,GDL,2817954
MEX,GDL,3673541
MEX,GDL,8522258
MEX,GDL,4075391
MEX,GDL,2611348
MEX,GDL,1047081
MEX,GDL,6843108
MEX,GDL,7882046
MEX,GDL,2647857
MEX,GDL,7274584
MEX,GDL,535139
GDL,MEX,7098856
GDL,MEX,7566623
GDL,MEX,826741
GDL,MEX,5078680
GDL,MEX,2563512
GDL,MEX,7933280
GDL,MEX,4634579
GDL,MEX,4962697
GDL,MEX,2343441
GDL,MEX,9002430
GDL,MEX,6359124
GDL,MEX,9509207
GDL,MEX,6257175
GDL,MEX,940297
GDL,MEX,720504
GDL,MEX,7591864
GDL,MEX,2001500
GDL,MEX,9426279
GDL,MEX,5890402
GDL,MEX,9591992
GDL,MEX,9622490
GDL,MEX,612128
GDL,MEX,6387478
GDL,MEX,6392430
GDL,MEX,2111168
GDL,MEX,3840225
GDL,MEX,8903733
GDL,MEX,9719520
GDL,MEX,2327523
GDL,MEX,2415595
GDL,MEX,7213164
GDL,MEX,798853
GDL,MEX,6336531
GDL,MEX,6164451
GDL,MEX,3230929
GDL,MEX,898241
GDL,MEX,5637931
GDL,MEX,8804681
GDL,MEX,3475914
GDL,MEX,7593265
GDL,MEX,6564944
GDL,MEX,2330759
GDL,MEX,2718065
GDL,MEX,2927270
GDL,MEX,7092620
GDL,MEX,5006084
GDL,MEX,2703524
GDL,MEX,7813748
GDL,MEX,5256384
GDL,MEX,3061678
GDL,MEX,9683355
GDL,MEX,5787056
GDL,MEX,752867
GDL,MEX,8201517
GDL,MEX,7216333
GDL,MEX,4597337
GDL,MEX,3992414
GDL,MEX,5839224
GDL,MEX,3318950
GDL,MEX,9967363
GDL,MEX,571648
GDL,MEX,5081845
GDL,MEX,2943371
GDL,MEX,7982072
GDL,MEX,3591023
GDL,MEX,4578604
GDL,MEX,5525762
GDL,MEX,4686717
GDL,MEX,8838056
GDL,MEX,8224779
GDL,MEX,4267893
GDL,MEX,6405564
GDL,MEX,8422458
GDL,MEX,6850043
GDL,MEX,7468123
GDL,MEX,3931439
GDL,MEX,9438028
GDL,MEX,9904929
GDL,MEX,8059160
GDL,MEX,5634775
GDL,MEX,2390713
GDL,MEX,7107471
GDL,MEX,1188891
GDL,MEX,1348881
GDL,MEX,7849911
GDL,MEX,7157589
GDL,MEX,6455137
GDL,MEX,3501000
GDL,MEX,3322975
GDL,MEX,5182206
GDL,MEX,104808
GDL,MEX,8909549
GDL,MEX,9555836
GDL,MEX,7595212
GDL,MEX,2013459
GDL,MEX,2145866
GDL,MEX,882248
GDL,MEX,8203048
GDL,MEX,8675230
GDL,MEX,1553643
GDL,MEX,3469584
GDL,MEX,639016
GDL,MEX,3153660
GDL,MEX,9639373
GDL,MEX,9061579
GDL,MEX,8415419
GDL,MEX,4597045
GDL,MEX,3134295
GDL,MEX,7390837
GDL,MEX,7375463
GDL,MEX,4199141
GDL,MEX,1733993
GDL,MEX,1200320
GDL,MEX,9362168
GDL,MEX,830103
GDL,MEX,745898
GDL,MEX,4131739
GDL,MEX,1343553
GDL,MEX,9535109
GDL,MEX,8427270
GDL,MEX,6130935
GDL,MEX,4531164
GDL,MEX,6084569
GDL,MEX,6572881
GDL,MEX,1875017
GDL,MEX,3458915
GDL,MEX,7524973
GDL,MEX,8892217
GDL,MEX,4640661
GDL,MEX,6019217
GDL,MEX,6938140
GDL,MEX,3382763
GDL,MEX,9446108
GDL,MEX,6966611
GDL,MEX,5588657
GDL,MEX,7062640
GDL,MEX,9133518
GDL,MEX,8699462
GDL,MEX,1842465
GDL,MEX,4791403
GDL,MEX,7784642
GDL,MEX,6521477
GDL,MEX,4721588
GDL,MEX,9882524
GDL,MEX,3210589
GDL,MEX,7871154
GDL,MEX,1625744
GDL,MEX,7227197
GDL,MEX,6966903
GDL,MEX,6766378
GDL,MEX,530467
GDL,MEX,2244034
GDL,MEX,2805831
GDL,MEX,6490651
GDL,MEX,9044482
GDL,MEX,4818410
GDL,MEX,9021089
GDL,MEX,754309
GDL,MEX,5355253
GDL,MEX,6030136
GDL,MEX,2532130
GDL,MEX,9615361
GDL,MEX,400051
GDL,MEX,6997733
GDL,MEX,5288456
GDL,MEX,987646
GDL,MEX,8840766
GDL,MEX,1867416
GDL,MEX,6726717
GDL,MEX,7584871
GDL,MEX,1687342
GDL,MEX,3621631
GDL,MEX,255424
GDL,MEX,6216725
GDL,MEX,5799309
GDL,MEX,9129611
GDL,MEX,7722541
GDL,MEX,9577922
GDL,MEX,2382116
GDL,MEX,7039201
GDL,MEX,1754201
GDL,MEX,7815601
GDL,MEX,9466431
GDL,MEX,9451410
GDL,MEX,9690182
GDL,MEX,483458
GDL,MEX,3113496
GDL,MEX,3140612
GDL,MEX,4551017
GDL,MEX,6148535
GDL,MEX,9431987
MEX,GDL,9589069
MEX,GDL,7372194
MEX,GDL,7868291
MEX,GDL,1413895
MEX,GDL,8651591
MEX,GDL,1128724
MEX,GDL,8437171
MEX,GDL,6839339
MEX,GDL,6244668
MEX,GDL,1848548
MEX,GDL,2676439
MEX,GDL,1176504
MEX,GDL,8772325
MEX,GDL,7969693
MEX,GDL,6852809
MEX,GDL,4261902
MEX,GDL,9452197
MEX,GDL,1466291
MEX,GDL,3405594
MEX,GDL,3340905
MEX,GDL,7884437
MEX,GDL,9274273
MEX,GDL,3321822
MEX,GDL,4145719
MEX,GDL,2967719
MEX,GDL,702588
MEX,GDL,4222318
MEX,GDL,6529098
MEX,GDL,3392328
MEX,GDL,875319
MEX,GDL,7885490
MEX,GDL,8214968
MEX,GDL,1936562
MEX,GDL,5644451
MEX,GDL,1381141
MEX,GDL,4498398
MEX,GDL,4451378
MEX,GDL,5910854
MEX,GDL,4445664
MEX,GDL,9720741
MEX,GDL,3610848
MEX,GDL,9427328
MEX,GDL,2000201
MEX,GDL,3318665
MEX,GDL,9551390
MEX,GDL,1989941
MEX,GDL,6471542
MEX,GDL,3128652
MEX,GDL,2222859
MEX,GDL,9187942
MEX,GDL,8778199
MEX,GDL,9024363
MEX,GDL,4477729
MEX,GDL,2047850
MEX,GDL,9397909
MEX,GDL,8498866
MEX,GDL,5957459
MEX,GDL,4603100
MEX,GDL,9049517
MEX,GDL,8656361
MEX,GDL,5533784
MEX,GDL,5818223
MEX,GDL,4931895
MEX,GDL,513152
MEX,GDL,1705306
MEX,GDL,4844606
MEX,GDL,7768880
MEX,GDL,5010671
MEX,GDL,2332790
MEX,GDL,6607519
MEX,GDL,448347
MEX,GDL,2616901
MEX,GDL,3418182
MEX,GDL,6673204
MEX,GDL,5371242
MEX,GDL,5636602
MEX,GDL,6541055
MEX,GDL,2190796
MEX,GDL,1388445
MEX,GDL,348095
MEX,GDL,401185
MEX,GDL,199271
MEX,GDL,7059401
MEX,GDL,7912315
MEX,GDL,7362121
MEX,GDL,2182325
MEX,GDL,7572697
MEX,GDL,1418795
MEX,GDL,8845597
MEX,GDL,4527128
MEX,GDL,6875791
MEX,GDL,6062232
MEX,GDL,8198239
MEX,GDL,214810
MEX,GDL,6487867
MEX,GDL,5019000
MEX,GDL,2924537
MEX,GDL,5823106
MEX,GDL,7625062
MEX,GDL,5104617
MEX,GDL,4945281
MEX,GDL,5559276
MEX,GDL,8928560
MEX,GDL,3901876
MEX,GDL,6072510
MEX,GDL,5901516
MEX,GDL,5595879
MEX,GDL,6235150
MEX,GDL,9388804
MEX,GDL,4785990
GDL,MEX,5585591
GDL,MEX,4720207
GDL,MEX,6637574
GDL,MEX,13630
GDL,MEX,212633
GDL,MEX,5955213
GDL,MEX,186776
GDL,MEX,3904856
GDL,MEX,5289525
GDL,MEX,4021457
GDL,MEX,1656265
GDL,MEX,2953687
GDL,MEX,7085702
GDL,MEX,5313483
GDL,MEX,6917210
GDL,MEX,3704598
GDL,MEX,5483900
GDL,MEX,2080103
GDL,MEX,4311737
GDL,MEX,8824802
GDL,MEX,6545145
GDL,MEX,2753760
GDL,MEX,6263169
GDL,MEX,2230293
GDL,MEX,5845143
GDL,MEX,5582043
GDL,MEX,7812075
GDL,MEX,6614060
GDL,MEX,8823629
GDL,MEX,8595752
GDL,MEX,9089445
GDL,MEX,7003296
GDL,MEX,1246561
GDL,MEX,7894684
GDL,MEX,6967278
GDL,MEX,1087592
GDL,MEX,6725725
GDL,MEX,1707563
GDL,MEX,4660233
GDL,MEX,4352086
GDL,MEX,9644135
GDL,MEX,9325653
GDL,MEX,1912715
GDL,MEX,6872311
GDL,MEX,8396126
GDL,MEX,154556
GDL,MEX,1916288
GDL,MEX,1217312
GDL,MEX,4419759
GDL,MEX,3135480
GDL,MEX,5354218
GDL,MEX,8860510
GDL,MEX,4989712
GDL,MEX,3341306
GDL,MEX,7625952
GDL,MEX,5606373
GDL,MEX,1852402
GDL,MEX,4406852
GDL,MEX,3829616
GDL,MEX,3516419
GDL,MEX,9246692
GDL,MEX,104474
GDL,MEX,5941453
GDL,MEX,596388
GDL,MEX,9551642
GDL,MEX,2237421
GDL,MEX,8261983
GDL,MEX,7681277
GDL,MEX,6584090
GDL,MEX,2955079
GDL,MEX,393734
GDL,MEX,2159920
GDL,MEX,5441909
GDL,MEX,6121560
GDL,MEX,9529327
GDL,MEX,3936065
GDL,MEX,725058
GDL,MEX,9470440
GDL,MEX,5774734
GDL,MEX,9390207
GDL,MEX,1591117
GDL,MEX,2508008
GDL,MEX,9773442
GDL,MEX,6837636
GDL,MEX,8438620
GDL,MEX,5462482
GDL,MEX,661893
GDL,MEX,9301534
GDL,MEX,4799729
GDL,MEX,3969350
GDL,MEX,263035
GDL,MEX,907952
GDL,MEX,2630538
GDL,MEX,8442393
GDL,MEX,7650849
GDL,MEX,5426940
GDL,MEX,7394166
GDL,MEX,1247990
GDL,MEX,3031265
GDL,MEX,1070002
GDL,MEX,297217
GDL,MEX,8091648
GDL,MEX,7821637
GDL,MEX,3655491
GDL,MEX,2650848
GDL,MEX,8534035
GDL,MEX,3297491
GDL,MEX,840556
GDL,MEX,5491216
GDL,MEX,5025007
GDL,MEX,5494495
GDL,MEX,163367
GDL,MEX,5398733
GDL,MEX,5672839
GDL,MEX,9113361
GDL,MEX,1059453
GDL,MEX,5199255
GDL,MEX,6755307
GDL,TIJ,2379342
MEX,GDL,5653381
MEX,GDL,7655398
MEX,GDL,8629235
GDL,MEX,8451053
GDL,MEX,3215217
GDL,MEX,6079900
GDL,MEX,7757886
GDL,MEX,9365573
GDL,MEX,1193351
GDL,MEX,1384788
GDL,MEX,79397
GDL,MEX,8017782
GDL,MEX,9250903
GDL,MEX,2086038
GDL,MEX,8046949
GDL,MEX,1661384
GDL,MEX,4346562
GDL,MEX,4337333
GDL,MEX,5802391
GDL,MEX,5618066
GDL,MEX,7090587
GDL,MEX,9711967
GDL,MEX,3045935
GDL,MEX,2505000
GDL,MEX,3384165
GDL,MEX,3747907
GDL,MEX,2611924
GDL,MEX,623888
GDL,MEX,4712042
GDL,MEX,2155582
GDL,MEX,5622047
GDL,MEX,9285193
GDL,MEX,355274
GDL,MEX,7937500
GDL,MEX,5310837
GDL,MEX,4116389
GDL,MEX,5860261
GDL,MEX,5291073
GDL,MEX,6897268
GDL,MEX,3046402
GDL,MEX,6263682
GDL,MEX,1228528
GDL,MEX,9634185
GDL,MEX,5511524
GDL,MEX,7208170
GDL,MEX,7750017
GDL,MEX,3461949
GDL,MEX,1999469
GDL,MEX,2584911
GDL,MEX,7969163
GDL,MEX,8125734
GDL,MEX,9306413
GDL,MEX,8669753
GDL,MEX,9536998
GDL,MEX,9360811
GDL,MEX,8781360
GDL,MEX,5977521
GDL,MEX,3982039
GDL,MEX,6649120
GDL,MEX,9234018
GDL,MEX,2208137
GDL,MEX,7273588
GDL,MEX,5131972
GDL,MEX,4646752
GDL,MEX,3956862
GDL,MEX,5955395
GDL,MEX,3319581
GDL,MEX,9908848
GDL,MEX,9763516
GDL,MEX,1194346
GDL,MEX,8116133
GDL,MEX,7758880
GDL,MEX,7126782
GDL,MEX,4358874
GDL,MEX,6532996
GDL,MEX,7815850
GDL,MEX,3363262
GDL,MEX,5149056
GDL,MEX,6714411
GDL,MEX,7604002
GDL,MEX,6048716
GDL,MEX,7446520
GDL,MEX,4366722
GDL,MEX,7157223
